insert into public.partners
  (id, name, type, status, sector, region, employee_count, consent_public_listing, notes)
values
  ($bk$11111111-1111-1111-1111-000000000010$bk$::uuid, $bk$Bristol Waste$bk$, $bk$workforce_partner$bk$, $bk$active$bk$, $bk$Waste & Recycling$bk$, $bk$Bristol$bk$, 750, true, $bk$Street cleaning and loader roles. Two B2E cohorts run. Health & safety screening now part of pre-interview.$bk$),
  ($bk$11111111-1111-1111-1111-000000000011$bk$::uuid, $bk$Visit West$bk$, $bk$workforce_partner$bk$, $bk$active$bk$, $bk$Hospitality$bk$, $bk$Bristol$bk$, 4200, true, $bk$Umbrella body for 10 Bristol hotels. Three B2E cohorts run since Mar 2024. Repeat partner with high applicant pull.$bk$)
on conflict (id) do nothing;

insert into public.partner_contacts (partner_id, name, role, email, is_primary)
values
  ($bk$11111111-1111-1111-1111-000000000010$bk$::uuid, $bk$Daniel Roberts$bk$, $bk$Operations Manager$bk$, $bk$d.roberts@bristolwaste.example$bk$, true),
  ($bk$11111111-1111-1111-1111-000000000011$bk$::uuid, $bk$Helena Carter$bk$, $bk$Workforce Partnerships Lead$bk$, $bk$h.carter@visitwest.example$bk$, true)
on conflict do nothing;

insert into public.cohorts
  (id, cohort_ref, name, structure, status, location, sector_focus, start_date, end_date, programme_weeks, target_size, delivery_cost, notes)
values
  ($bk$22222222-2222-2222-2222-000000000010$bk$::uuid, $bk$VW1-2024-Q1$bk$, $bk$Visit West (1) - Bristol Mar 2024$bk$, $bk$single_partner$bk$, $bk$completed$bk$, $bk$Bristol$bk$, $bk$Hospitality$bk$, $bk$2024-03-04$bk$, $bk$2024-05-27$bk$, 12, 12, 16700.00, $bk$First B2E cohort. 10 Ukrainians among 12 starts. 34 applicants. 14 enrolled, 12 started. 5 placements - first proof point.$bk$),
  ($bk$22222222-2222-2222-2222-000000000011$bk$::uuid, $bk$BW1-2024-Q2$bk$, $bk$Bristol Waste (1) - May 2024$bk$, $bk$single_partner$bk$, $bk$completed$bk$, $bk$Bristol$bk$, $bk$Waste & Recycling$bk$, $bk$2024-05-13$bk$, $bk$2024-08-05$bk$, 12, 10, 16700.00, $bk$Street cleaner and loader roles. 25 applicants, 14 enrolled, 10 started, 5 completed. Higher attrition than hospitality cohorts.$bk$),
  ($bk$22222222-2222-2222-2222-000000000012$bk$::uuid, $bk$VW2-2024-Q3$bk$, $bk$Visit West (2) - Sep 2024$bk$, $bk$single_partner$bk$, $bk$completed$bk$, $bk$Bristol$bk$, $bk$Hospitality$bk$, $bk$2024-09-09$bk$, $bk$2024-12-02$bk$, 12, 10, 16700.00, $bk$29 applicants, 13 enrolled, 10 started, 10 completed. Vacancy mismatch challenge - only 1 placement secured despite full completion.$bk$),
  ($bk$22222222-2222-2222-2222-000000000013$bk$::uuid, $bk$PB1-2024-Q4$bk$, $bk$Pret Bristol pilot - Oct 2024$bk$, $bk$single_partner$bk$, $bk$completed$bk$, $bk$Bristol$bk$, $bk$Hospitality$bk$, $bk$2024-10-07$bk$, $bk$2024-12-30$bk$, 12, 7, 16700.00, $bk$Intentional 7-person pilot. 45 applicants signals high Pret demand. 5 completed, 3 placed - highest offer rate (60%).$bk$),
  ($bk$22222222-2222-2222-2222-000000000014$bk$::uuid, $bk$BW2-2025-Q2$bk$, $bk$Bristol Waste (2) - Apr 2025$bk$, $bk$single_partner$bk$, $bk$completed$bk$, $bk$Bristol$bk$, $bk$Waste & Recycling$bk$, $bk$2025-04-14$bk$, $bk$2025-07-07$bk$, 12, 10, 16700.00, $bk$47 applicants, 23 enrolled, 10 started, 10 completed. 2 offered, 1 accepted. H&S screening added pre-interview after BW1 learnings.$bk$),
  ($bk$22222222-2222-2222-2222-000000000015$bk$::uuid, $bk$PI1-2025-Q3$bk$, $bk$Pret + IKEA Bristol - Jul 2025$bk$, $bk$multi_partner$bk$, $bk$completed$bk$, $bk$Bristol$bk$, $bk$Hospitality + Retail$bk$, $bk$2025-07-14$bk$, $bk$2025-10-06$bk$, 12, 12, 17570.00, $bk$Joint Pret/IKEA programme. 81 applicants, 41 enrolled, 12 started, 12 completed. 2 candidates went direct to IKEA from recruitment day pre-programme.$bk$),
  ($bk$22222222-2222-2222-2222-000000000016$bk$::uuid, $bk$PBM-2025-Q3$bk$, $bk$Pret Birmingham (1) - Jul 2025$bk$, $bk$single_partner$bk$, $bk$completed$bk$, $bk$Birmingham$bk$, $bk$Hospitality$bk$, $bk$2025-07-21$bk$, $bk$2025-10-13$bk$, 12, 8, 16700.00, $bk$First Birmingham employer programme. 75 applicants, 19 enrolled, 8 started, 8 completed. 6 permanent positions secured.$bk$),
  ($bk$22222222-2222-2222-2222-000000000017$bk$::uuid, $bk$VW3-2025-Q3$bk$, $bk$Visit West (3) - Sep 2025$bk$, $bk$single_partner$bk$, $bk$completed$bk$, $bk$Bristol$bk$, $bk$Hospitality$bk$, $bk$2025-09-08$bk$, $bk$2025-12-01$bk$, 12, 12, 16700.00, $bk$88 applicants. Some attrition due to vacancy uncertainty. 9 completed, 3 placed, 1 progressed to further education.$bk$),
  ($bk$22222222-2222-2222-2222-000000000018$bk$::uuid, $bk$IK1-2025-Q4$bk$, $bk$IKEA Bristol - Dec 2025$bk$, $bk$single_partner$bk$, $bk$recruiting$bk$, $bk$Bristol$bk$, $bk$Retail$bk$, $bk$2025-12-08$bk$, $bk$2026-03-02$bk$, 12, 12, 16700.00, $bk$115 applicants in 3 weeks - oversubscribed. Currently in progress at reporting date.$bk$)
on conflict (id) do nothing;

insert into public.cohort_partners (cohort_id, partner_id, sponsorship_count, engagement_fee, is_lead_partner)
values
  ($bk$22222222-2222-2222-2222-000000000010$bk$::uuid, $bk$11111111-1111-1111-1111-000000000011$bk$::uuid, 12, 0, true),
  ($bk$22222222-2222-2222-2222-000000000011$bk$::uuid, $bk$11111111-1111-1111-1111-000000000010$bk$::uuid, 10, 0, true),
  ($bk$22222222-2222-2222-2222-000000000012$bk$::uuid, $bk$11111111-1111-1111-1111-000000000011$bk$::uuid, 10, 0, true),
  ($bk$22222222-2222-2222-2222-000000000013$bk$::uuid, $bk$11111111-1111-1111-1111-000000000002$bk$::uuid, 7, 0, true),
  ($bk$22222222-2222-2222-2222-000000000014$bk$::uuid, $bk$11111111-1111-1111-1111-000000000010$bk$::uuid, 10, 0, true),
  ($bk$22222222-2222-2222-2222-000000000015$bk$::uuid, $bk$11111111-1111-1111-1111-000000000002$bk$::uuid, 7, 0, true),
  ($bk$22222222-2222-2222-2222-000000000015$bk$::uuid, $bk$11111111-1111-1111-1111-000000000005$bk$::uuid, 5, 8000.00, false),
  ($bk$22222222-2222-2222-2222-000000000016$bk$::uuid, $bk$11111111-1111-1111-1111-000000000002$bk$::uuid, 8, 0, true),
  ($bk$22222222-2222-2222-2222-000000000017$bk$::uuid, $bk$11111111-1111-1111-1111-000000000011$bk$::uuid, 12, 0, true),
  ($bk$22222222-2222-2222-2222-000000000018$bk$::uuid, $bk$11111111-1111-1111-1111-000000000005$bk$::uuid, 12, 8000.00, true)
on conflict do nothing;

insert into public.candidates
  (id, candidate_ref, given_name, family_name, preferred_locale, country_of_origin, arrival_year, english_level, status, career_goal_summary)
values
  ($bk$33333333-3333-3333-3333-100100000001$bk$::uuid, $bk$C-2024-VW1-001$bk$, $bk$Oksana$bk$, $bk$Melnyk$bk$, $bk$uk$bk$, $bk$Ukraine$bk$, 2023, $bk$B2$bk$, $bk$placed$bk$, $bk$Front-of-house hospitality with progression to supervisor.$bk$),
  ($bk$33333333-3333-3333-3333-100100000002$bk$::uuid, $bk$C-2024-VW1-002$bk$, $bk$Volodymyr$bk$, $bk$Kovalenko$bk$, $bk$uk$bk$, $bk$Ukraine$bk$, 2023, $bk$B1$bk$, $bk$placed$bk$, $bk$Hotel back-of-house roles, building UK experience.$bk$),
  ($bk$33333333-3333-3333-3333-100100000003$bk$::uuid, $bk$C-2024-VW1-003$bk$, $bk$Anastasia$bk$, $bk$Petrenko$bk$, $bk$uk$bk$, $bk$Ukraine$bk$, 2023, $bk$B2$bk$, $bk$placed$bk$, $bk$Reception roles - prior hotel experience in Kyiv.$bk$),
  ($bk$33333333-3333-3333-3333-100100000004$bk$::uuid, $bk$C-2024-VW1-004$bk$, $bk$Maryna$bk$, $bk$Tkachenko$bk$, $bk$uk$bk$, $bk$Ukraine$bk$, 2023, $bk$B1$bk$, $bk$placed$bk$, $bk$Housekeeping with progression to floor supervisor.$bk$),
  ($bk$33333333-3333-3333-3333-100100000005$bk$::uuid, $bk$C-2024-VW1-005$bk$, $bk$Andriy$bk$, $bk$Shevchenko$bk$, $bk$uk$bk$, $bk$Ukraine$bk$, 2023, $bk$B1$bk$, $bk$placed$bk$, $bk$Maintenance and porter roles.$bk$),
  ($bk$33333333-3333-3333-3333-100100000006$bk$::uuid, $bk$C-2024-VW1-006$bk$, $bk$Olena$bk$, $bk$Bondarenko$bk$, $bk$uk$bk$, $bk$Ukraine$bk$, 2023, $bk$A2$bk$, $bk$progressed$bk$, $bk$Tanya - secured UWE undergraduate place after programme completion.$bk$),
  ($bk$33333333-3333-3333-3333-100100000007$bk$::uuid, $bk$C-2024-VW1-007$bk$, $bk$Khalid$bk$, $bk$Suleiman$bk$, $bk$ar$bk$, $bk$Syria$bk$, 2022, $bk$B1$bk$, $bk$completed$bk$, $bk$Hospitality entry pathway.$bk$),
  ($bk$33333333-3333-3333-3333-100100000008$bk$::uuid, $bk$C-2024-VW1-008$bk$, $bk$Reem$bk$, $bk$Mansour$bk$, $bk$ar$bk$, $bk$Syria$bk$, 2023, $bk$A2$bk$, $bk$completed$bk$, $bk$Customer service path.$bk$),
  ($bk$33333333-3333-3333-3333-100100000009$bk$::uuid, $bk$C-2024-VW1-009$bk$, $bk$Tariq$bk$, $bk$Al-Rashid$bk$, $bk$ar$bk$, $bk$Iraq$bk$, 2022, $bk$B1$bk$, $bk$completed$bk$, $bk$Hospitality with view to catering progression.$bk$),
  ($bk$33333333-3333-3333-3333-10010000000a$bk$::uuid, $bk$C-2024-VW1-010$bk$, $bk$Adam$bk$, $bk$Al-Hassan$bk$, $bk$ar$bk$, $bk$Sudan$bk$, 2023, $bk$A2$bk$, $bk$completed$bk$, $bk$Service roles.$bk$),
  ($bk$33333333-3333-3333-3333-10010000000b$bk$::uuid, $bk$C-2024-VW1-011$bk$, $bk$Yulia$bk$, $bk$Lysenko$bk$, $bk$uk$bk$, $bk$Ukraine$bk$, 2023, $bk$B1$bk$, $bk$withdrawn$bk$, $bk$Withdrew week 6.$bk$),
  ($bk$33333333-3333-3333-3333-10010000000c$bk$::uuid, $bk$C-2024-VW1-012$bk$, $bk$Iryna$bk$, $bk$Marchenko$bk$, $bk$uk$bk$, $bk$Ukraine$bk$, 2023, $bk$A2$bk$, $bk$withdrawn$bk$, $bk$Withdrew week 4 due to childcare.$bk$),
  ($bk$33333333-3333-3333-3333-100200000001$bk$::uuid, $bk$C-2024-BW1-001$bk$, $bk$Yusuf$bk$, $bk$Daher$bk$, $bk$ar$bk$, $bk$Syria$bk$, 2022, $bk$B1$bk$, $bk$placed$bk$, $bk$Manual roles with view to supervisor track.$bk$),
  ($bk$33333333-3333-3333-3333-100200000002$bk$::uuid, $bk$C-2024-BW1-002$bk$, $bk$Mussie$bk$, $bk$Tesfai$bk$, $bk$ti$bk$, $bk$Eritrea$bk$, 2022, $bk$A2$bk$, $bk$placed$bk$, $bk$Loader role.$bk$),
  ($bk$33333333-3333-3333-3333-100200000003$bk$::uuid, $bk$C-2024-BW1-003$bk$, $bk$Solomon$bk$, $bk$Habte$bk$, $bk$ti$bk$, $bk$Eritrea$bk$, 2022, $bk$B1$bk$, $bk$completed$bk$, $bk$Looking for stable income to support family.$bk$),
  ($bk$33333333-3333-3333-3333-100200000004$bk$::uuid, $bk$C-2024-BW1-004$bk$, $bk$Jamil$bk$, $bk$Rahman$bk$, $bk$fa$bk$, $bk$Afghanistan$bk$, 2023, $bk$A2$bk$, $bk$completed$bk$, $bk$Entry-level outdoor work.$bk$),
  ($bk$33333333-3333-3333-3333-100200000005$bk$::uuid, $bk$C-2024-BW1-005$bk$, $bk$Hassan$bk$, $bk$Mohamed$bk$, $bk$so$bk$, $bk$Somalia$bk$, 2022, $bk$B1$bk$, $bk$completed$bk$, $bk$Building UK work history.$bk$),
  ($bk$33333333-3333-3333-3333-100200000006$bk$::uuid, $bk$C-2024-BW1-006$bk$, $bk$Diran$bk$, $bk$Aslanov$bk$, $bk$sq$bk$, $bk$Albania$bk$, 2023, $bk$A2$bk$, $bk$withdrawn$bk$, $bk$Withdrew - returned to ESOL study.$bk$),
  ($bk$33333333-3333-3333-3333-100200000007$bk$::uuid, $bk$C-2024-BW1-007$bk$, $bk$Abdi$bk$, $bk$Farah$bk$, $bk$so$bk$, $bk$Somalia$bk$, 2023, $bk$A2$bk$, $bk$withdrawn$bk$, $bk$Withdrew week 7 due to health.$bk$),
  ($bk$33333333-3333-3333-3333-100200000008$bk$::uuid, $bk$C-2024-BW1-008$bk$, $bk$Mehdi$bk$, $bk$Karimi$bk$, $bk$fa$bk$, $bk$Iran$bk$, 2022, $bk$B1$bk$, $bk$withdrawn$bk$, $bk$Withdrew - mismatched expectations for role type.$bk$),
  ($bk$33333333-3333-3333-3333-100200000009$bk$::uuid, $bk$C-2024-BW1-009$bk$, $bk$Behrouz$bk$, $bk$Nazari$bk$, $bk$fa$bk$, $bk$Iran$bk$, 2022, $bk$A2$bk$, $bk$withdrawn$bk$, $bk$Withdrew - secured private-sector job.$bk$),
  ($bk$33333333-3333-3333-3333-10020000000a$bk$::uuid, $bk$C-2024-BW1-010$bk$, $bk$Ngozi$bk$, $bk$Eze$bk$, $bk$en$bk$, $bk$Nigeria$bk$, 2022, $bk$C1$bk$, $bk$withdrawn$bk$, $bk$Withdrew week 5 - role expectations not matching abilities.$bk$),
  ($bk$33333333-3333-3333-3333-100300000001$bk$::uuid, $bk$C-2024-VW2-001$bk$, $bk$Tetyana$bk$, $bk$Bondar$bk$, $bk$uk$bk$, $bk$Ukraine$bk$, 2023, $bk$B2$bk$, $bk$placed$bk$, $bk$Hotel reception - prior tourism background.$bk$),
  ($bk$33333333-3333-3333-3333-100300000002$bk$::uuid, $bk$C-2024-VW2-002$bk$, $bk$Genet$bk$, $bk$Tesfaye$bk$, $bk$ti$bk$, $bk$Eritrea$bk$, 2022, $bk$B1$bk$, $bk$progressed$bk$, $bk$Moved to housekeeping at independent hotel after VW2.$bk$),
  ($bk$33333333-3333-3333-3333-100300000003$bk$::uuid, $bk$C-2024-VW2-003$bk$, $bk$Senait$bk$, $bk$Yohannes$bk$, $bk$ti$bk$, $bk$Eritrea$bk$, 2023, $bk$A2$bk$, $bk$completed$bk$, $bk$Hospitality entry.$bk$),
  ($bk$33333333-3333-3333-3333-100300000004$bk$::uuid, $bk$C-2024-VW2-004$bk$, $bk$Layla$bk$, $bk$Othman$bk$, $bk$ar$bk$, $bk$Yemen$bk$, 2024, $bk$A2$bk$, $bk$completed$bk$, $bk$Service roles.$bk$),
  ($bk$33333333-3333-3333-3333-100300000005$bk$::uuid, $bk$C-2024-VW2-005$bk$, $bk$Nour$bk$, $bk$Khalil$bk$, $bk$ar$bk$, $bk$Sudan$bk$, 2023, $bk$B1$bk$, $bk$completed$bk$, $bk$Customer-facing roles.$bk$),
  ($bk$33333333-3333-3333-3333-100300000006$bk$::uuid, $bk$C-2024-VW2-006$bk$, $bk$Ahmad$bk$, $bk$Suleiman$bk$, $bk$ar$bk$, $bk$Syria$bk$, 2022, $bk$B1$bk$, $bk$completed$bk$, $bk$Hospitality.$bk$),
  ($bk$33333333-3333-3333-3333-100300000007$bk$::uuid, $bk$C-2024-VW2-007$bk$, $bk$Roya$bk$, $bk$Hosseini$bk$, $bk$fa$bk$, $bk$Iran$bk$, 2023, $bk$B1$bk$, $bk$completed$bk$, $bk$Front-of-house roles.$bk$),
  ($bk$33333333-3333-3333-3333-100300000008$bk$::uuid, $bk$C-2024-VW2-008$bk$, $bk$Shirin$bk$, $bk$Ahmadi$bk$, $bk$fa$bk$, $bk$Afghanistan$bk$, 2023, $bk$A2$bk$, $bk$completed$bk$, $bk$Hospitality.$bk$),
  ($bk$33333333-3333-3333-3333-100300000009$bk$::uuid, $bk$C-2024-VW2-009$bk$, $bk$Vlasta$bk$, $bk$Kovalchuk$bk$, $bk$uk$bk$, $bk$Ukraine$bk$, 2023, $bk$B1$bk$, $bk$completed$bk$, $bk$Hotel back-of-house.$bk$),
  ($bk$33333333-3333-3333-3333-10030000000a$bk$::uuid, $bk$C-2024-VW2-010$bk$, $bk$Anushe$bk$, $bk$Habibi$bk$, $bk$fa$bk$, $bk$Afghanistan$bk$, 2024, $bk$A2$bk$, $bk$completed$bk$, $bk$Programme alumna - completed but no placement.$bk$),
  ($bk$33333333-3333-3333-3333-100400000001$bk$::uuid, $bk$C-2024-PB1-001$bk$, $bk$Funmi$bk$, $bk$Adebayo$bk$, $bk$en$bk$, $bk$Nigeria$bk$, 2022, $bk$C1$bk$, $bk$placed$bk$, $bk$Pret Team Member - building UK retail experience.$bk$),
  ($bk$33333333-3333-3333-3333-100400000002$bk$::uuid, $bk$C-2024-PB1-002$bk$, $bk$Era$bk$, $bk$Hoxhaj$bk$, $bk$sq$bk$, $bk$Albania$bk$, 2023, $bk$B2$bk$, $bk$placed$bk$, $bk$Pret Team Member - team-leader pathway.$bk$),
  ($bk$33333333-3333-3333-3333-100400000003$bk$::uuid, $bk$C-2024-PB1-003$bk$, $bk$Adebayo$bk$, $bk$Ogundimu$bk$, $bk$en$bk$, $bk$Nigeria$bk$, 2022, $bk$C1$bk$, $bk$placed$bk$, $bk$Pret Team Leader - moved up band post-placement.$bk$),
  ($bk$33333333-3333-3333-3333-100400000004$bk$::uuid, $bk$C-2024-PB1-004$bk$, $bk$Yasmin$bk$, $bk$Al-Yusuf$bk$, $bk$ar$bk$, $bk$Syria$bk$, 2023, $bk$B1$bk$, $bk$completed$bk$, $bk$Hospitality entry.$bk$),
  ($bk$33333333-3333-3333-3333-100400000005$bk$::uuid, $bk$C-2024-PB1-005$bk$, $bk$Sara$bk$, $bk$Al-Hassan$bk$, $bk$ar$bk$, $bk$Sudan$bk$, 2023, $bk$A2$bk$, $bk$completed$bk$, $bk$Customer service.$bk$),
  ($bk$33333333-3333-3333-3333-100400000006$bk$::uuid, $bk$C-2024-PB1-006$bk$, $bk$Aster$bk$, $bk$Gebremariam$bk$, $bk$ti$bk$, $bk$Eritrea$bk$, 2022, $bk$B1$bk$, $bk$withdrawn$bk$, $bk$Withdrew week 8.$bk$),
  ($bk$33333333-3333-3333-3333-100400000007$bk$::uuid, $bk$C-2024-PB1-007$bk$, $bk$Albano$bk$, $bk$Lleshi$bk$, $bk$sq$bk$, $bk$Albania$bk$, 2023, $bk$A2$bk$, $bk$withdrawn$bk$, $bk$Withdrew week 5.$bk$),
  ($bk$33333333-3333-3333-3333-100500000001$bk$::uuid, $bk$C-2025-BW2-001$bk$, $bk$Tunde$bk$, $bk$Okafor$bk$, $bk$en$bk$, $bk$Nigeria$bk$, 2024, $bk$C1$bk$, $bk$placed$bk$, $bk$Loader role with view to qualifications progression.$bk$),
  ($bk$33333333-3333-3333-3333-100500000002$bk$::uuid, $bk$C-2025-BW2-002$bk$, $bk$Karim$bk$, $bk$Saadi$bk$, $bk$ar$bk$, $bk$Syria$bk$, 2023, $bk$B1$bk$, $bk$completed$bk$, $bk$Outdoor manual work.$bk$),
  ($bk$33333333-3333-3333-3333-100500000003$bk$::uuid, $bk$C-2025-BW2-003$bk$, $bk$Genti$bk$, $bk$Hyseni$bk$, $bk$sq$bk$, $bk$Albania$bk$, 2024, $bk$B1$bk$, $bk$completed$bk$, $bk$Stable income for family.$bk$),
  ($bk$33333333-3333-3333-3333-100500000004$bk$::uuid, $bk$C-2025-BW2-004$bk$, $bk$Lulzim$bk$, $bk$Brahimi$bk$, $bk$sq$bk$, $bk$Albania$bk$, 2024, $bk$A2$bk$, $bk$completed$bk$, $bk$Building work history in UK.$bk$),
  ($bk$33333333-3333-3333-3333-100500000005$bk$::uuid, $bk$C-2025-BW2-005$bk$, $bk$Omar$bk$, $bk$Tawfiq$bk$, $bk$ar$bk$, $bk$Syria$bk$, 2023, $bk$B1$bk$, $bk$completed$bk$, $bk$Outdoor work pathway.$bk$),
  ($bk$33333333-3333-3333-3333-100500000006$bk$::uuid, $bk$C-2025-BW2-006$bk$, $bk$Mariam$bk$, $bk$Najibullah$bk$, $bk$ps$bk$, $bk$Afghanistan$bk$, 2024, $bk$A2$bk$, $bk$completed$bk$, $bk$Manual work entry.$bk$),
  ($bk$33333333-3333-3333-3333-100500000007$bk$::uuid, $bk$C-2025-BW2-007$bk$, $bk$Zahra$bk$, $bk$Yousefi$bk$, $bk$fa$bk$, $bk$Afghanistan$bk$, 2024, $bk$A2$bk$, $bk$completed$bk$, $bk$Programme alumna.$bk$),
  ($bk$33333333-3333-3333-3333-100500000008$bk$::uuid, $bk$C-2025-BW2-008$bk$, $bk$Fatima$bk$, $bk$Zaman$bk$, $bk$ar$bk$, $bk$Iraq$bk$, 2023, $bk$B1$bk$, $bk$completed$bk$, $bk$Customer service path.$bk$),
  ($bk$33333333-3333-3333-3333-100500000009$bk$::uuid, $bk$C-2025-BW2-009$bk$, $bk$Hadi$bk$, $bk$Akbari$bk$, $bk$fa$bk$, $bk$Iran$bk$, 2024, $bk$A2$bk$, $bk$completed$bk$, $bk$Entry-level work.$bk$),
  ($bk$33333333-3333-3333-3333-10050000000a$bk$::uuid, $bk$C-2025-BW2-010$bk$, $bk$Nadia$bk$, $bk$Tahir$bk$, $bk$ar$bk$, $bk$Sudan$bk$, 2023, $bk$B1$bk$, $bk$completed$bk$, $bk$Manual roles.$bk$),
  ($bk$33333333-3333-3333-3333-100600000001$bk$::uuid, $bk$C-2025-PI1-001$bk$, $bk$Andriy$bk$, $bk$Pavlenko$bk$, $bk$uk$bk$, $bk$Ukraine$bk$, 2024, $bk$B2$bk$, $bk$placed$bk$, $bk$Pret Team Member.$bk$),
  ($bk$33333333-3333-3333-3333-100600000002$bk$::uuid, $bk$C-2025-PI1-002$bk$, $bk$Bilal$bk$, $bk$Najjar$bk$, $bk$ar$bk$, $bk$Syria$bk$, 2023, $bk$B1$bk$, $bk$placed$bk$, $bk$Pret Team Member.$bk$),
  ($bk$33333333-3333-3333-3333-100600000003$bk$::uuid, $bk$C-2025-PI1-003$bk$, $bk$Yusra$bk$, $bk$Abdulla$bk$, $bk$ar$bk$, $bk$Yemen$bk$, 2024, $bk$A2$bk$, $bk$placed$bk$, $bk$Pret Team Member - first UK employment.$bk$),
  ($bk$33333333-3333-3333-3333-100600000004$bk$::uuid, $bk$C-2025-PI1-004$bk$, $bk$Nasser$bk$, $bk$Ali$bk$, $bk$ar$bk$, $bk$Iraq$bk$, 2023, $bk$B1$bk$, $bk$placed$bk$, $bk$IKEA Co-worker - pre-programme offer from recruitment day.$bk$),
  ($bk$33333333-3333-3333-3333-100600000005$bk$::uuid, $bk$C-2025-PI1-005$bk$, $bk$Aisha$bk$, $bk$Rahimi$bk$, $bk$fa$bk$, $bk$Afghanistan$bk$, 2024, $bk$A2$bk$, $bk$placed$bk$, $bk$IKEA Co-worker - pre-programme offer from recruitment day.$bk$),
  ($bk$33333333-3333-3333-3333-100600000006$bk$::uuid, $bk$C-2025-PI1-006$bk$, $bk$Saif$bk$, $bk$Hadi$bk$, $bk$ar$bk$, $bk$Syria$bk$, 2024, $bk$A2$bk$, $bk$completed$bk$, $bk$Hospitality/retail entry.$bk$),
  ($bk$33333333-3333-3333-3333-100600000007$bk$::uuid, $bk$C-2025-PI1-007$bk$, $bk$Mariam$bk$, $bk$Shaheen$bk$, $bk$ar$bk$, $bk$Palestine$bk$, 2024, $bk$B1$bk$, $bk$completed$bk$, $bk$Service roles.$bk$),
  ($bk$33333333-3333-3333-3333-100600000008$bk$::uuid, $bk$C-2025-PI1-008$bk$, $bk$Yusuf$bk$, $bk$Ahmadi$bk$, $bk$fa$bk$, $bk$Afghanistan$bk$, 2023, $bk$B1$bk$, $bk$completed$bk$, $bk$Customer-facing.$bk$),
  ($bk$33333333-3333-3333-3333-100600000009$bk$::uuid, $bk$C-2025-PI1-009$bk$, $bk$Rana$bk$, $bk$Othman$bk$, $bk$ar$bk$, $bk$Syria$bk$, 2023, $bk$B1$bk$, $bk$completed$bk$, $bk$Retail.$bk$),
  ($bk$33333333-3333-3333-3333-10060000000a$bk$::uuid, $bk$C-2025-PI1-010$bk$, $bk$Daoud$bk$, $bk$Khalil$bk$, $bk$ar$bk$, $bk$Sudan$bk$, 2024, $bk$A2$bk$, $bk$completed$bk$, $bk$Service entry.$bk$),
  ($bk$33333333-3333-3333-3333-10060000000b$bk$::uuid, $bk$C-2025-PI1-011$bk$, $bk$Tigist$bk$, $bk$Bekele$bk$, $bk$ti$bk$, $bk$Eritrea$bk$, 2023, $bk$B1$bk$, $bk$completed$bk$, $bk$Hospitality.$bk$),
  ($bk$33333333-3333-3333-3333-10060000000c$bk$::uuid, $bk$C-2025-PI1-012$bk$, $bk$Bahar$bk$, $bk$Aliyeva$bk$, $bk$sq$bk$, $bk$Albania$bk$, 2024, $bk$A2$bk$, $bk$completed$bk$, $bk$Retail with progression goals.$bk$),
  ($bk$33333333-3333-3333-3333-100700000001$bk$::uuid, $bk$C-2025-PBM-001$bk$, $bk$Ngozi$bk$, $bk$Adeola$bk$, $bk$en$bk$, $bk$Nigeria$bk$, 2024, $bk$C1$bk$, $bk$placed$bk$, $bk$Pret Team Member - Birmingham.$bk$),
  ($bk$33333333-3333-3333-3333-100700000002$bk$::uuid, $bk$C-2025-PBM-002$bk$, $bk$Soraya$bk$, $bk$Husseini$bk$, $bk$fa$bk$, $bk$Afghanistan$bk$, 2024, $bk$B1$bk$, $bk$placed$bk$, $bk$Pret Team Member - Birmingham.$bk$),
  ($bk$33333333-3333-3333-3333-100700000003$bk$::uuid, $bk$C-2025-PBM-003$bk$, $bk$Daban$bk$, $bk$Karim$bk$, $bk$ckb$bk$, $bk$Iraq$bk$, 2023, $bk$B1$bk$, $bk$placed$bk$, $bk$Pret Team Member.$bk$),
  ($bk$33333333-3333-3333-3333-100700000004$bk$::uuid, $bk$C-2025-PBM-004$bk$, $bk$Hozan$bk$, $bk$Saleh$bk$, $bk$ckb$bk$, $bk$Syria$bk$, 2023, $bk$B1$bk$, $bk$placed$bk$, $bk$Pret Team Leader - moved up band.$bk$),
  ($bk$33333333-3333-3333-3333-100700000005$bk$::uuid, $bk$C-2025-PBM-005$bk$, $bk$Lina$bk$, $bk$Awad$bk$, $bk$ar$bk$, $bk$Syria$bk$, 2024, $bk$B1$bk$, $bk$placed$bk$, $bk$Pret Team Member.$bk$),
  ($bk$33333333-3333-3333-3333-100700000006$bk$::uuid, $bk$C-2025-PBM-006$bk$, $bk$Hala$bk$, $bk$Mahmood$bk$, $bk$ar$bk$, $bk$Iraq$bk$, 2024, $bk$A2$bk$, $bk$completed$bk$, $bk$Service work entry.$bk$),
  ($bk$33333333-3333-3333-3333-100700000007$bk$::uuid, $bk$C-2025-PBM-007$bk$, $bk$Jihan$bk$, $bk$Hassan$bk$, $bk$ckb$bk$, $bk$Iraq$bk$, 2023, $bk$B1$bk$, $bk$completed$bk$, $bk$Hospitality entry.$bk$),
  ($bk$33333333-3333-3333-3333-100700000008$bk$::uuid, $bk$C-2025-PBM-008$bk$, $bk$Sevdije$bk$, $bk$Berisha$bk$, $bk$sq$bk$, $bk$Albania$bk$, 2024, $bk$A2$bk$, $bk$completed$bk$, $bk$Customer-facing.$bk$),
  ($bk$33333333-3333-3333-3333-100800000001$bk$::uuid, $bk$C-2025-VW3-001$bk$, $bk$Daria$bk$, $bk$Kovalova$bk$, $bk$uk$bk$, $bk$Ukraine$bk$, 2024, $bk$B2$bk$, $bk$placed$bk$, $bk$Hotel reception.$bk$),
  ($bk$33333333-3333-3333-3333-100800000002$bk$::uuid, $bk$C-2025-VW3-002$bk$, $bk$Khalid$bk$, $bk$Al-Jabari$bk$, $bk$ar$bk$, $bk$Palestine$bk$, 2023, $bk$B1$bk$, $bk$placed$bk$, $bk$Hospitality back-of-house.$bk$),
  ($bk$33333333-3333-3333-3333-100800000003$bk$::uuid, $bk$C-2025-VW3-003$bk$, $bk$Iman$bk$, $bk$Toumi$bk$, $bk$ar$bk$, $bk$Sudan$bk$, 2024, $bk$A2$bk$, $bk$placed$bk$, $bk$Housekeeping with supervisor potential.$bk$),
  ($bk$33333333-3333-3333-3333-100800000004$bk$::uuid, $bk$C-2025-VW3-004$bk$, $bk$Vita$bk$, $bk$Romaniuk$bk$, $bk$uk$bk$, $bk$Ukraine$bk$, 2024, $bk$B1$bk$, $bk$progressed$bk$, $bk$Moved to further education - Business English at City of Bristol College.$bk$),
  ($bk$33333333-3333-3333-3333-100800000005$bk$::uuid, $bk$C-2025-VW3-005$bk$, $bk$Bashir$bk$, $bk$Mahmoud$bk$, $bk$ar$bk$, $bk$Syria$bk$, 2023, $bk$B1$bk$, $bk$completed$bk$, $bk$Hospitality entry.$bk$),
  ($bk$33333333-3333-3333-3333-100800000006$bk$::uuid, $bk$C-2025-VW3-006$bk$, $bk$Salma$bk$, $bk$Ibrahim$bk$, $bk$ar$bk$, $bk$Yemen$bk$, 2024, $bk$A2$bk$, $bk$completed$bk$, $bk$Service roles.$bk$),
  ($bk$33333333-3333-3333-3333-100800000007$bk$::uuid, $bk$C-2025-VW3-007$bk$, $bk$Zaynab$bk$, $bk$Yusuf$bk$, $bk$ar$bk$, $bk$Iraq$bk$, 2023, $bk$B1$bk$, $bk$completed$bk$, $bk$Front-of-house.$bk$),
  ($bk$33333333-3333-3333-3333-100800000008$bk$::uuid, $bk$C-2025-VW3-008$bk$, $bk$Halyna$bk$, $bk$Boyko$bk$, $bk$uk$bk$, $bk$Ukraine$bk$, 2024, $bk$A2$bk$, $bk$completed$bk$, $bk$Hotel back-of-house.$bk$),
  ($bk$33333333-3333-3333-3333-100800000009$bk$::uuid, $bk$C-2025-VW3-009$bk$, $bk$Esmeralda$bk$, $bk$Krasniqi$bk$, $bk$sq$bk$, $bk$Albania$bk$, 2024, $bk$B1$bk$, $bk$completed$bk$, $bk$Programme alumna.$bk$),
  ($bk$33333333-3333-3333-3333-10080000000a$bk$::uuid, $bk$C-2025-VW3-010$bk$, $bk$Aamir$bk$, $bk$Pashtoon$bk$, $bk$ps$bk$, $bk$Afghanistan$bk$, 2024, $bk$A2$bk$, $bk$withdrawn$bk$, $bk$Withdrew week 8.$bk$),
  ($bk$33333333-3333-3333-3333-10080000000b$bk$::uuid, $bk$C-2025-VW3-011$bk$, $bk$Yarosalv$bk$, $bk$Babchenko$bk$, $bk$uk$bk$, $bk$Ukraine$bk$, 2024, $bk$A2$bk$, $bk$withdrawn$bk$, $bk$Withdrew week 6 due to family circumstances.$bk$),
  ($bk$33333333-3333-3333-3333-10080000000c$bk$::uuid, $bk$C-2025-VW3-012$bk$, $bk$Vitalii$bk$, $bk$Honcharenko$bk$, $bk$uk$bk$, $bk$Ukraine$bk$, 2024, $bk$B1$bk$, $bk$withdrawn$bk$, $bk$Withdrew week 7.$bk$)
on conflict (id) do nothing;

insert into public.cohort_candidates (cohort_id, candidate_id, sponsoring_partner_id)
select c.cohort_id::uuid, c.candidate_id::uuid, c.sponsoring_partner_id::uuid from (values
  ($bk$22222222-2222-2222-2222-000000000010$bk$, $bk$33333333-3333-3333-3333-100100000001$bk$, $bk$11111111-1111-1111-1111-000000000011$bk$),
  ($bk$22222222-2222-2222-2222-000000000010$bk$, $bk$33333333-3333-3333-3333-100100000002$bk$, $bk$11111111-1111-1111-1111-000000000011$bk$),
  ($bk$22222222-2222-2222-2222-000000000010$bk$, $bk$33333333-3333-3333-3333-100100000003$bk$, $bk$11111111-1111-1111-1111-000000000011$bk$),
  ($bk$22222222-2222-2222-2222-000000000010$bk$, $bk$33333333-3333-3333-3333-100100000004$bk$, $bk$11111111-1111-1111-1111-000000000011$bk$),
  ($bk$22222222-2222-2222-2222-000000000010$bk$, $bk$33333333-3333-3333-3333-100100000005$bk$, $bk$11111111-1111-1111-1111-000000000011$bk$),
  ($bk$22222222-2222-2222-2222-000000000010$bk$, $bk$33333333-3333-3333-3333-100100000006$bk$, $bk$11111111-1111-1111-1111-000000000011$bk$),
  ($bk$22222222-2222-2222-2222-000000000010$bk$, $bk$33333333-3333-3333-3333-100100000007$bk$, $bk$11111111-1111-1111-1111-000000000011$bk$),
  ($bk$22222222-2222-2222-2222-000000000010$bk$, $bk$33333333-3333-3333-3333-100100000008$bk$, $bk$11111111-1111-1111-1111-000000000011$bk$),
  ($bk$22222222-2222-2222-2222-000000000010$bk$, $bk$33333333-3333-3333-3333-100100000009$bk$, $bk$11111111-1111-1111-1111-000000000011$bk$),
  ($bk$22222222-2222-2222-2222-000000000010$bk$, $bk$33333333-3333-3333-3333-10010000000a$bk$, $bk$11111111-1111-1111-1111-000000000011$bk$),
  ($bk$22222222-2222-2222-2222-000000000010$bk$, $bk$33333333-3333-3333-3333-10010000000b$bk$, $bk$11111111-1111-1111-1111-000000000011$bk$),
  ($bk$22222222-2222-2222-2222-000000000010$bk$, $bk$33333333-3333-3333-3333-10010000000c$bk$, $bk$11111111-1111-1111-1111-000000000011$bk$),
  ($bk$22222222-2222-2222-2222-000000000011$bk$, $bk$33333333-3333-3333-3333-100200000001$bk$, $bk$11111111-1111-1111-1111-000000000010$bk$),
  ($bk$22222222-2222-2222-2222-000000000011$bk$, $bk$33333333-3333-3333-3333-100200000002$bk$, $bk$11111111-1111-1111-1111-000000000010$bk$),
  ($bk$22222222-2222-2222-2222-000000000011$bk$, $bk$33333333-3333-3333-3333-100200000003$bk$, $bk$11111111-1111-1111-1111-000000000010$bk$),
  ($bk$22222222-2222-2222-2222-000000000011$bk$, $bk$33333333-3333-3333-3333-100200000004$bk$, $bk$11111111-1111-1111-1111-000000000010$bk$),
  ($bk$22222222-2222-2222-2222-000000000011$bk$, $bk$33333333-3333-3333-3333-100200000005$bk$, $bk$11111111-1111-1111-1111-000000000010$bk$),
  ($bk$22222222-2222-2222-2222-000000000011$bk$, $bk$33333333-3333-3333-3333-100200000006$bk$, $bk$11111111-1111-1111-1111-000000000010$bk$),
  ($bk$22222222-2222-2222-2222-000000000011$bk$, $bk$33333333-3333-3333-3333-100200000007$bk$, $bk$11111111-1111-1111-1111-000000000010$bk$),
  ($bk$22222222-2222-2222-2222-000000000011$bk$, $bk$33333333-3333-3333-3333-100200000008$bk$, $bk$11111111-1111-1111-1111-000000000010$bk$),
  ($bk$22222222-2222-2222-2222-000000000011$bk$, $bk$33333333-3333-3333-3333-100200000009$bk$, $bk$11111111-1111-1111-1111-000000000010$bk$),
  ($bk$22222222-2222-2222-2222-000000000011$bk$, $bk$33333333-3333-3333-3333-10020000000a$bk$, $bk$11111111-1111-1111-1111-000000000010$bk$),
  ($bk$22222222-2222-2222-2222-000000000012$bk$, $bk$33333333-3333-3333-3333-100300000001$bk$, $bk$11111111-1111-1111-1111-000000000011$bk$),
  ($bk$22222222-2222-2222-2222-000000000012$bk$, $bk$33333333-3333-3333-3333-100300000002$bk$, $bk$11111111-1111-1111-1111-000000000011$bk$),
  ($bk$22222222-2222-2222-2222-000000000012$bk$, $bk$33333333-3333-3333-3333-100300000003$bk$, $bk$11111111-1111-1111-1111-000000000011$bk$),
  ($bk$22222222-2222-2222-2222-000000000012$bk$, $bk$33333333-3333-3333-3333-100300000004$bk$, $bk$11111111-1111-1111-1111-000000000011$bk$),
  ($bk$22222222-2222-2222-2222-000000000012$bk$, $bk$33333333-3333-3333-3333-100300000005$bk$, $bk$11111111-1111-1111-1111-000000000011$bk$),
  ($bk$22222222-2222-2222-2222-000000000012$bk$, $bk$33333333-3333-3333-3333-100300000006$bk$, $bk$11111111-1111-1111-1111-000000000011$bk$),
  ($bk$22222222-2222-2222-2222-000000000012$bk$, $bk$33333333-3333-3333-3333-100300000007$bk$, $bk$11111111-1111-1111-1111-000000000011$bk$),
  ($bk$22222222-2222-2222-2222-000000000012$bk$, $bk$33333333-3333-3333-3333-100300000008$bk$, $bk$11111111-1111-1111-1111-000000000011$bk$),
  ($bk$22222222-2222-2222-2222-000000000012$bk$, $bk$33333333-3333-3333-3333-100300000009$bk$, $bk$11111111-1111-1111-1111-000000000011$bk$),
  ($bk$22222222-2222-2222-2222-000000000012$bk$, $bk$33333333-3333-3333-3333-10030000000a$bk$, $bk$11111111-1111-1111-1111-000000000011$bk$),
  ($bk$22222222-2222-2222-2222-000000000013$bk$, $bk$33333333-3333-3333-3333-100400000001$bk$, $bk$11111111-1111-1111-1111-000000000002$bk$),
  ($bk$22222222-2222-2222-2222-000000000013$bk$, $bk$33333333-3333-3333-3333-100400000002$bk$, $bk$11111111-1111-1111-1111-000000000002$bk$),
  ($bk$22222222-2222-2222-2222-000000000013$bk$, $bk$33333333-3333-3333-3333-100400000003$bk$, $bk$11111111-1111-1111-1111-000000000002$bk$),
  ($bk$22222222-2222-2222-2222-000000000013$bk$, $bk$33333333-3333-3333-3333-100400000004$bk$, $bk$11111111-1111-1111-1111-000000000002$bk$),
  ($bk$22222222-2222-2222-2222-000000000013$bk$, $bk$33333333-3333-3333-3333-100400000005$bk$, $bk$11111111-1111-1111-1111-000000000002$bk$),
  ($bk$22222222-2222-2222-2222-000000000013$bk$, $bk$33333333-3333-3333-3333-100400000006$bk$, $bk$11111111-1111-1111-1111-000000000002$bk$),
  ($bk$22222222-2222-2222-2222-000000000013$bk$, $bk$33333333-3333-3333-3333-100400000007$bk$, $bk$11111111-1111-1111-1111-000000000002$bk$),
  ($bk$22222222-2222-2222-2222-000000000014$bk$, $bk$33333333-3333-3333-3333-100500000001$bk$, $bk$11111111-1111-1111-1111-000000000010$bk$),
  ($bk$22222222-2222-2222-2222-000000000014$bk$, $bk$33333333-3333-3333-3333-100500000002$bk$, $bk$11111111-1111-1111-1111-000000000010$bk$),
  ($bk$22222222-2222-2222-2222-000000000014$bk$, $bk$33333333-3333-3333-3333-100500000003$bk$, $bk$11111111-1111-1111-1111-000000000010$bk$),
  ($bk$22222222-2222-2222-2222-000000000014$bk$, $bk$33333333-3333-3333-3333-100500000004$bk$, $bk$11111111-1111-1111-1111-000000000010$bk$),
  ($bk$22222222-2222-2222-2222-000000000014$bk$, $bk$33333333-3333-3333-3333-100500000005$bk$, $bk$11111111-1111-1111-1111-000000000010$bk$),
  ($bk$22222222-2222-2222-2222-000000000014$bk$, $bk$33333333-3333-3333-3333-100500000006$bk$, $bk$11111111-1111-1111-1111-000000000010$bk$),
  ($bk$22222222-2222-2222-2222-000000000014$bk$, $bk$33333333-3333-3333-3333-100500000007$bk$, $bk$11111111-1111-1111-1111-000000000010$bk$),
  ($bk$22222222-2222-2222-2222-000000000014$bk$, $bk$33333333-3333-3333-3333-100500000008$bk$, $bk$11111111-1111-1111-1111-000000000010$bk$),
  ($bk$22222222-2222-2222-2222-000000000014$bk$, $bk$33333333-3333-3333-3333-100500000009$bk$, $bk$11111111-1111-1111-1111-000000000010$bk$),
  ($bk$22222222-2222-2222-2222-000000000014$bk$, $bk$33333333-3333-3333-3333-10050000000a$bk$, $bk$11111111-1111-1111-1111-000000000010$bk$),
  ($bk$22222222-2222-2222-2222-000000000015$bk$, $bk$33333333-3333-3333-3333-100600000001$bk$, $bk$11111111-1111-1111-1111-000000000002$bk$),
  ($bk$22222222-2222-2222-2222-000000000015$bk$, $bk$33333333-3333-3333-3333-100600000002$bk$, $bk$11111111-1111-1111-1111-000000000002$bk$),
  ($bk$22222222-2222-2222-2222-000000000015$bk$, $bk$33333333-3333-3333-3333-100600000003$bk$, $bk$11111111-1111-1111-1111-000000000002$bk$),
  ($bk$22222222-2222-2222-2222-000000000015$bk$, $bk$33333333-3333-3333-3333-100600000004$bk$, $bk$11111111-1111-1111-1111-000000000005$bk$),
  ($bk$22222222-2222-2222-2222-000000000015$bk$, $bk$33333333-3333-3333-3333-100600000005$bk$, $bk$11111111-1111-1111-1111-000000000005$bk$),
  ($bk$22222222-2222-2222-2222-000000000015$bk$, $bk$33333333-3333-3333-3333-100600000006$bk$, $bk$11111111-1111-1111-1111-000000000002$bk$),
  ($bk$22222222-2222-2222-2222-000000000015$bk$, $bk$33333333-3333-3333-3333-100600000007$bk$, $bk$11111111-1111-1111-1111-000000000002$bk$),
  ($bk$22222222-2222-2222-2222-000000000015$bk$, $bk$33333333-3333-3333-3333-100600000008$bk$, $bk$11111111-1111-1111-1111-000000000002$bk$),
  ($bk$22222222-2222-2222-2222-000000000015$bk$, $bk$33333333-3333-3333-3333-100600000009$bk$, $bk$11111111-1111-1111-1111-000000000005$bk$),
  ($bk$22222222-2222-2222-2222-000000000015$bk$, $bk$33333333-3333-3333-3333-10060000000a$bk$, $bk$11111111-1111-1111-1111-000000000002$bk$),
  ($bk$22222222-2222-2222-2222-000000000015$bk$, $bk$33333333-3333-3333-3333-10060000000b$bk$, $bk$11111111-1111-1111-1111-000000000005$bk$),
  ($bk$22222222-2222-2222-2222-000000000015$bk$, $bk$33333333-3333-3333-3333-10060000000c$bk$, $bk$11111111-1111-1111-1111-000000000005$bk$),
  ($bk$22222222-2222-2222-2222-000000000016$bk$, $bk$33333333-3333-3333-3333-100700000001$bk$, $bk$11111111-1111-1111-1111-000000000002$bk$),
  ($bk$22222222-2222-2222-2222-000000000016$bk$, $bk$33333333-3333-3333-3333-100700000002$bk$, $bk$11111111-1111-1111-1111-000000000002$bk$),
  ($bk$22222222-2222-2222-2222-000000000016$bk$, $bk$33333333-3333-3333-3333-100700000003$bk$, $bk$11111111-1111-1111-1111-000000000002$bk$),
  ($bk$22222222-2222-2222-2222-000000000016$bk$, $bk$33333333-3333-3333-3333-100700000004$bk$, $bk$11111111-1111-1111-1111-000000000002$bk$),
  ($bk$22222222-2222-2222-2222-000000000016$bk$, $bk$33333333-3333-3333-3333-100700000005$bk$, $bk$11111111-1111-1111-1111-000000000002$bk$),
  ($bk$22222222-2222-2222-2222-000000000016$bk$, $bk$33333333-3333-3333-3333-100700000006$bk$, $bk$11111111-1111-1111-1111-000000000002$bk$),
  ($bk$22222222-2222-2222-2222-000000000016$bk$, $bk$33333333-3333-3333-3333-100700000007$bk$, $bk$11111111-1111-1111-1111-000000000002$bk$),
  ($bk$22222222-2222-2222-2222-000000000016$bk$, $bk$33333333-3333-3333-3333-100700000008$bk$, $bk$11111111-1111-1111-1111-000000000002$bk$),
  ($bk$22222222-2222-2222-2222-000000000017$bk$, $bk$33333333-3333-3333-3333-100800000001$bk$, $bk$11111111-1111-1111-1111-000000000011$bk$),
  ($bk$22222222-2222-2222-2222-000000000017$bk$, $bk$33333333-3333-3333-3333-100800000002$bk$, $bk$11111111-1111-1111-1111-000000000011$bk$),
  ($bk$22222222-2222-2222-2222-000000000017$bk$, $bk$33333333-3333-3333-3333-100800000003$bk$, $bk$11111111-1111-1111-1111-000000000011$bk$),
  ($bk$22222222-2222-2222-2222-000000000017$bk$, $bk$33333333-3333-3333-3333-100800000004$bk$, $bk$11111111-1111-1111-1111-000000000011$bk$),
  ($bk$22222222-2222-2222-2222-000000000017$bk$, $bk$33333333-3333-3333-3333-100800000005$bk$, $bk$11111111-1111-1111-1111-000000000011$bk$),
  ($bk$22222222-2222-2222-2222-000000000017$bk$, $bk$33333333-3333-3333-3333-100800000006$bk$, $bk$11111111-1111-1111-1111-000000000011$bk$),
  ($bk$22222222-2222-2222-2222-000000000017$bk$, $bk$33333333-3333-3333-3333-100800000007$bk$, $bk$11111111-1111-1111-1111-000000000011$bk$),
  ($bk$22222222-2222-2222-2222-000000000017$bk$, $bk$33333333-3333-3333-3333-100800000008$bk$, $bk$11111111-1111-1111-1111-000000000011$bk$),
  ($bk$22222222-2222-2222-2222-000000000017$bk$, $bk$33333333-3333-3333-3333-100800000009$bk$, $bk$11111111-1111-1111-1111-000000000011$bk$),
  ($bk$22222222-2222-2222-2222-000000000017$bk$, $bk$33333333-3333-3333-3333-10080000000a$bk$, $bk$11111111-1111-1111-1111-000000000011$bk$),
  ($bk$22222222-2222-2222-2222-000000000017$bk$, $bk$33333333-3333-3333-3333-10080000000b$bk$, $bk$11111111-1111-1111-1111-000000000011$bk$),
  ($bk$22222222-2222-2222-2222-000000000017$bk$, $bk$33333333-3333-3333-3333-10080000000c$bk$, $bk$11111111-1111-1111-1111-000000000011$bk$)
) as c(cohort_id, candidate_id, sponsoring_partner_id)
on conflict do nothing;

insert into public.placements (id, candidate_id, partner_id, cohort_id, role_title, salary_band, salary_actual, start_date, status, sponsored_placement)
values
  ($bk$55555555-5555-5555-5555-001100000001$bk$::uuid, $bk$33333333-3333-3333-3333-100100000001$bk$::uuid, $bk$11111111-1111-1111-1111-000000000011$bk$::uuid, $bk$22222222-2222-2222-2222-000000000010$bk$::uuid, $bk$Front Desk Assistant$bk$, $bk$volume$bk$, 22000, $bk$2024-06-03$bk$, $bk$completed_12mo$bk$, false),
  ($bk$55555555-5555-5555-5555-001100000002$bk$::uuid, $bk$33333333-3333-3333-3333-100100000002$bk$::uuid, $bk$11111111-1111-1111-1111-000000000011$bk$::uuid, $bk$22222222-2222-2222-2222-000000000010$bk$::uuid, $bk$Porter$bk$, $bk$volume$bk$, 21500, $bk$2024-06-10$bk$, $bk$completed_12mo$bk$, false),
  ($bk$55555555-5555-5555-5555-001100000003$bk$::uuid, $bk$33333333-3333-3333-3333-100100000003$bk$::uuid, $bk$11111111-1111-1111-1111-000000000011$bk$::uuid, $bk$22222222-2222-2222-2222-000000000010$bk$::uuid, $bk$Receptionist$bk$, $bk$volume$bk$, 22500, $bk$2024-06-03$bk$, $bk$completed_12mo$bk$, false),
  ($bk$55555555-5555-5555-5555-001100000004$bk$::uuid, $bk$33333333-3333-3333-3333-100100000004$bk$::uuid, $bk$11111111-1111-1111-1111-000000000011$bk$::uuid, $bk$22222222-2222-2222-2222-000000000010$bk$::uuid, $bk$Housekeeper$bk$, $bk$volume$bk$, 21500, $bk$2024-06-10$bk$, $bk$completed_12mo$bk$, false),
  ($bk$55555555-5555-5555-5555-001100000005$bk$::uuid, $bk$33333333-3333-3333-3333-100100000005$bk$::uuid, $bk$11111111-1111-1111-1111-000000000011$bk$::uuid, $bk$22222222-2222-2222-2222-000000000010$bk$::uuid, $bk$Maintenance Assistant$bk$, $bk$volume$bk$, 22000, $bk$2024-06-17$bk$, $bk$completed_12mo$bk$, false),
  ($bk$55555555-5555-5555-5555-002100000001$bk$::uuid, $bk$33333333-3333-3333-3333-100200000001$bk$::uuid, $bk$11111111-1111-1111-1111-000000000010$bk$::uuid, $bk$22222222-2222-2222-2222-000000000011$bk$::uuid, $bk$Street Cleaner$bk$, $bk$volume$bk$, 21000, $bk$2024-08-19$bk$, $bk$completed_12mo$bk$, false),
  ($bk$55555555-5555-5555-5555-002100000002$bk$::uuid, $bk$33333333-3333-3333-3333-100200000002$bk$::uuid, $bk$11111111-1111-1111-1111-000000000010$bk$::uuid, $bk$22222222-2222-2222-2222-000000000011$bk$::uuid, $bk$Refuse Loader$bk$, $bk$volume$bk$, 21500, $bk$2024-08-19$bk$, $bk$completed_12mo$bk$, false),
  ($bk$55555555-5555-5555-5555-003100000001$bk$::uuid, $bk$33333333-3333-3333-3333-100300000001$bk$::uuid, $bk$11111111-1111-1111-1111-000000000011$bk$::uuid, $bk$22222222-2222-2222-2222-000000000012$bk$::uuid, $bk$Hotel Receptionist$bk$, $bk$standard$bk$, 24000, $bk$2024-12-09$bk$, $bk$completed_12mo$bk$, false),
  ($bk$55555555-5555-5555-5555-004100000001$bk$::uuid, $bk$33333333-3333-3333-3333-100400000001$bk$::uuid, $bk$11111111-1111-1111-1111-000000000002$bk$::uuid, $bk$22222222-2222-2222-2222-000000000013$bk$::uuid, $bk$Team Member$bk$, $bk$volume$bk$, 22500, $bk$2025-01-13$bk$, $bk$active$bk$, false),
  ($bk$55555555-5555-5555-5555-004100000002$bk$::uuid, $bk$33333333-3333-3333-3333-100400000002$bk$::uuid, $bk$11111111-1111-1111-1111-000000000002$bk$::uuid, $bk$22222222-2222-2222-2222-000000000013$bk$::uuid, $bk$Team Member$bk$, $bk$volume$bk$, 22500, $bk$2025-01-13$bk$, $bk$active$bk$, false),
  ($bk$55555555-5555-5555-5555-004100000003$bk$::uuid, $bk$33333333-3333-3333-3333-100400000003$bk$::uuid, $bk$11111111-1111-1111-1111-000000000002$bk$::uuid, $bk$22222222-2222-2222-2222-000000000013$bk$::uuid, $bk$Team Leader$bk$, $bk$premium$bk$, 29500, $bk$2025-04-21$bk$, $bk$active$bk$, false),
  ($bk$55555555-5555-5555-5555-005100000001$bk$::uuid, $bk$33333333-3333-3333-3333-100500000001$bk$::uuid, $bk$11111111-1111-1111-1111-000000000010$bk$::uuid, $bk$22222222-2222-2222-2222-000000000014$bk$::uuid, $bk$Loader$bk$, $bk$volume$bk$, 21500, $bk$2025-07-14$bk$, $bk$active$bk$, false),
  ($bk$55555555-5555-5555-5555-006100000001$bk$::uuid, $bk$33333333-3333-3333-3333-100600000001$bk$::uuid, $bk$11111111-1111-1111-1111-000000000002$bk$::uuid, $bk$22222222-2222-2222-2222-000000000015$bk$::uuid, $bk$Team Member$bk$, $bk$volume$bk$, 22500, $bk$2025-10-13$bk$, $bk$active$bk$, true),
  ($bk$55555555-5555-5555-5555-006100000002$bk$::uuid, $bk$33333333-3333-3333-3333-100600000002$bk$::uuid, $bk$11111111-1111-1111-1111-000000000002$bk$::uuid, $bk$22222222-2222-2222-2222-000000000015$bk$::uuid, $bk$Team Member$bk$, $bk$volume$bk$, 22500, $bk$2025-10-13$bk$, $bk$active$bk$, true),
  ($bk$55555555-5555-5555-5555-006100000003$bk$::uuid, $bk$33333333-3333-3333-3333-100600000003$bk$::uuid, $bk$11111111-1111-1111-1111-000000000002$bk$::uuid, $bk$22222222-2222-2222-2222-000000000015$bk$::uuid, $bk$Team Member$bk$, $bk$volume$bk$, 22000, $bk$2025-10-20$bk$, $bk$active$bk$, true),
  ($bk$55555555-5555-5555-5555-006100000004$bk$::uuid, $bk$33333333-3333-3333-3333-100600000004$bk$::uuid, $bk$11111111-1111-1111-1111-000000000005$bk$::uuid, $bk$22222222-2222-2222-2222-000000000015$bk$::uuid, $bk$IKEA Co-worker$bk$, $bk$standard$bk$, 23500, $bk$2025-09-22$bk$, $bk$active$bk$, true),
  ($bk$55555555-5555-5555-5555-006100000005$bk$::uuid, $bk$33333333-3333-3333-3333-100600000005$bk$::uuid, $bk$11111111-1111-1111-1111-000000000005$bk$::uuid, $bk$22222222-2222-2222-2222-000000000015$bk$::uuid, $bk$IKEA Co-worker$bk$, $bk$standard$bk$, 23500, $bk$2025-09-22$bk$, $bk$active$bk$, true),
  ($bk$55555555-5555-5555-5555-007100000001$bk$::uuid, $bk$33333333-3333-3333-3333-100700000001$bk$::uuid, $bk$11111111-1111-1111-1111-000000000002$bk$::uuid, $bk$22222222-2222-2222-2222-000000000016$bk$::uuid, $bk$Team Member$bk$, $bk$volume$bk$, 22500, $bk$2025-10-20$bk$, $bk$active$bk$, false),
  ($bk$55555555-5555-5555-5555-007100000002$bk$::uuid, $bk$33333333-3333-3333-3333-100700000002$bk$::uuid, $bk$11111111-1111-1111-1111-000000000002$bk$::uuid, $bk$22222222-2222-2222-2222-000000000016$bk$::uuid, $bk$Team Member$bk$, $bk$volume$bk$, 22500, $bk$2025-10-20$bk$, $bk$active$bk$, false),
  ($bk$55555555-5555-5555-5555-007100000003$bk$::uuid, $bk$33333333-3333-3333-3333-100700000003$bk$::uuid, $bk$11111111-1111-1111-1111-000000000002$bk$::uuid, $bk$22222222-2222-2222-2222-000000000016$bk$::uuid, $bk$Team Member$bk$, $bk$volume$bk$, 22000, $bk$2025-10-27$bk$, $bk$active$bk$, false),
  ($bk$55555555-5555-5555-5555-007100000004$bk$::uuid, $bk$33333333-3333-3333-3333-100700000004$bk$::uuid, $bk$11111111-1111-1111-1111-000000000002$bk$::uuid, $bk$22222222-2222-2222-2222-000000000016$bk$::uuid, $bk$Team Leader$bk$, $bk$premium$bk$, 29000, $bk$2026-01-12$bk$, $bk$active$bk$, false),
  ($bk$55555555-5555-5555-5555-007100000005$bk$::uuid, $bk$33333333-3333-3333-3333-100700000005$bk$::uuid, $bk$11111111-1111-1111-1111-000000000002$bk$::uuid, $bk$22222222-2222-2222-2222-000000000016$bk$::uuid, $bk$Team Member$bk$, $bk$volume$bk$, 22500, $bk$2025-10-27$bk$, $bk$active$bk$, false),
  ($bk$55555555-5555-5555-5555-008100000001$bk$::uuid, $bk$33333333-3333-3333-3333-100800000001$bk$::uuid, $bk$11111111-1111-1111-1111-000000000011$bk$::uuid, $bk$22222222-2222-2222-2222-000000000017$bk$::uuid, $bk$Hotel Receptionist$bk$, $bk$volume$bk$, 22500, $bk$2025-12-08$bk$, $bk$active$bk$, false),
  ($bk$55555555-5555-5555-5555-008100000002$bk$::uuid, $bk$33333333-3333-3333-3333-100800000002$bk$::uuid, $bk$11111111-1111-1111-1111-000000000011$bk$::uuid, $bk$22222222-2222-2222-2222-000000000017$bk$::uuid, $bk$Hotel Porter$bk$, $bk$volume$bk$, 21500, $bk$2025-12-08$bk$, $bk$active$bk$, false),
  ($bk$55555555-5555-5555-5555-008100000003$bk$::uuid, $bk$33333333-3333-3333-3333-100800000003$bk$::uuid, $bk$11111111-1111-1111-1111-000000000011$bk$::uuid, $bk$22222222-2222-2222-2222-000000000017$bk$::uuid, $bk$Housekeeper$bk$, $bk$volume$bk$, 22000, $bk$2025-12-15$bk$, $bk$active$bk$, false)
on conflict (id) do nothing;

insert into public.placement_milestones (placement_id, kind, amount, due_on, state) values
  ($bk$55555555-5555-5555-5555-001100000001$bk$::uuid, $bk$placement$bk$, 750.00, $bk$2024-06-03$bk$, $bk$paid$bk$),
  ($bk$55555555-5555-5555-5555-001100000001$bk$::uuid, $bk$retention_6mo$bk$, 225.00, $bk$2024-12-03$bk$, $bk$paid$bk$),
  ($bk$55555555-5555-5555-5555-001100000001$bk$::uuid, $bk$retention_12mo$bk$, 300.00, $bk$2025-06-03$bk$, $bk$paid$bk$),
  ($bk$55555555-5555-5555-5555-001100000002$bk$::uuid, $bk$placement$bk$, 750.00, $bk$2024-06-10$bk$, $bk$paid$bk$),
  ($bk$55555555-5555-5555-5555-001100000002$bk$::uuid, $bk$retention_6mo$bk$, 225.00, $bk$2024-12-10$bk$, $bk$paid$bk$),
  ($bk$55555555-5555-5555-5555-001100000002$bk$::uuid, $bk$retention_12mo$bk$, 300.00, $bk$2025-06-10$bk$, $bk$paid$bk$),
  ($bk$55555555-5555-5555-5555-001100000003$bk$::uuid, $bk$placement$bk$, 750.00, $bk$2024-06-03$bk$, $bk$paid$bk$),
  ($bk$55555555-5555-5555-5555-001100000003$bk$::uuid, $bk$retention_6mo$bk$, 225.00, $bk$2024-12-03$bk$, $bk$paid$bk$),
  ($bk$55555555-5555-5555-5555-001100000003$bk$::uuid, $bk$retention_12mo$bk$, 300.00, $bk$2025-06-03$bk$, $bk$paid$bk$),
  ($bk$55555555-5555-5555-5555-001100000004$bk$::uuid, $bk$placement$bk$, 750.00, $bk$2024-06-10$bk$, $bk$paid$bk$),
  ($bk$55555555-5555-5555-5555-001100000004$bk$::uuid, $bk$retention_6mo$bk$, 225.00, $bk$2024-12-10$bk$, $bk$paid$bk$),
  ($bk$55555555-5555-5555-5555-001100000004$bk$::uuid, $bk$retention_12mo$bk$, 300.00, $bk$2025-06-10$bk$, $bk$paid$bk$),
  ($bk$55555555-5555-5555-5555-001100000005$bk$::uuid, $bk$placement$bk$, 750.00, $bk$2024-06-17$bk$, $bk$paid$bk$),
  ($bk$55555555-5555-5555-5555-001100000005$bk$::uuid, $bk$retention_6mo$bk$, 225.00, $bk$2024-12-17$bk$, $bk$paid$bk$),
  ($bk$55555555-5555-5555-5555-001100000005$bk$::uuid, $bk$retention_12mo$bk$, 300.00, $bk$2025-06-17$bk$, $bk$paid$bk$),
  ($bk$55555555-5555-5555-5555-002100000001$bk$::uuid, $bk$placement$bk$, 750.00, $bk$2024-08-19$bk$, $bk$paid$bk$),
  ($bk$55555555-5555-5555-5555-002100000001$bk$::uuid, $bk$retention_6mo$bk$, 225.00, $bk$2025-02-19$bk$, $bk$paid$bk$),
  ($bk$55555555-5555-5555-5555-002100000001$bk$::uuid, $bk$retention_12mo$bk$, 300.00, $bk$2025-08-19$bk$, $bk$paid$bk$),
  ($bk$55555555-5555-5555-5555-002100000002$bk$::uuid, $bk$placement$bk$, 750.00, $bk$2024-08-19$bk$, $bk$paid$bk$),
  ($bk$55555555-5555-5555-5555-002100000002$bk$::uuid, $bk$retention_6mo$bk$, 225.00, $bk$2025-02-19$bk$, $bk$paid$bk$),
  ($bk$55555555-5555-5555-5555-002100000002$bk$::uuid, $bk$retention_12mo$bk$, 300.00, $bk$2025-08-19$bk$, $bk$paid$bk$),
  ($bk$55555555-5555-5555-5555-003100000001$bk$::uuid, $bk$placement$bk$, 1500.00, $bk$2024-12-09$bk$, $bk$paid$bk$),
  ($bk$55555555-5555-5555-5555-003100000001$bk$::uuid, $bk$retention_6mo$bk$, 250.00, $bk$2025-06-09$bk$, $bk$paid$bk$),
  ($bk$55555555-5555-5555-5555-003100000001$bk$::uuid, $bk$retention_12mo$bk$, 325.00, $bk$2025-12-09$bk$, $bk$paid$bk$),
  ($bk$55555555-5555-5555-5555-004100000001$bk$::uuid, $bk$placement$bk$, 750.00, $bk$2025-01-13$bk$, $bk$paid$bk$),
  ($bk$55555555-5555-5555-5555-004100000001$bk$::uuid, $bk$retention_6mo$bk$, 225.00, $bk$2025-07-13$bk$, $bk$paid$bk$),
  ($bk$55555555-5555-5555-5555-004100000001$bk$::uuid, $bk$retention_12mo$bk$, 300.00, $bk$2026-01-13$bk$, $bk$paid$bk$),
  ($bk$55555555-5555-5555-5555-004100000002$bk$::uuid, $bk$placement$bk$, 750.00, $bk$2025-01-13$bk$, $bk$paid$bk$),
  ($bk$55555555-5555-5555-5555-004100000002$bk$::uuid, $bk$retention_6mo$bk$, 225.00, $bk$2025-07-13$bk$, $bk$paid$bk$),
  ($bk$55555555-5555-5555-5555-004100000002$bk$::uuid, $bk$retention_12mo$bk$, 300.00, $bk$2026-01-13$bk$, $bk$paid$bk$),
  ($bk$55555555-5555-5555-5555-004100000003$bk$::uuid, $bk$placement$bk$, 2500.00, $bk$2025-04-21$bk$, $bk$paid$bk$),
  ($bk$55555555-5555-5555-5555-004100000003$bk$::uuid, $bk$retention_6mo$bk$, 300.00, $bk$2025-10-21$bk$, $bk$paid$bk$),
  ($bk$55555555-5555-5555-5555-004100000003$bk$::uuid, $bk$retention_12mo$bk$, 375.00, $bk$2026-04-21$bk$, $bk$paid$bk$),
  ($bk$55555555-5555-5555-5555-005100000001$bk$::uuid, $bk$placement$bk$, 750.00, $bk$2025-07-14$bk$, $bk$paid$bk$),
  ($bk$55555555-5555-5555-5555-005100000001$bk$::uuid, $bk$retention_6mo$bk$, 225.00, $bk$2026-01-14$bk$, $bk$paid$bk$),
  ($bk$55555555-5555-5555-5555-005100000001$bk$::uuid, $bk$retention_12mo$bk$, 300.00, $bk$2026-07-14$bk$, $bk$pending$bk$),
  ($bk$55555555-5555-5555-5555-006100000001$bk$::uuid, $bk$placement$bk$, 750.00, $bk$2025-10-13$bk$, $bk$paid$bk$),
  ($bk$55555555-5555-5555-5555-006100000001$bk$::uuid, $bk$retention_6mo$bk$, 225.00, $bk$2026-04-13$bk$, $bk$paid$bk$),
  ($bk$55555555-5555-5555-5555-006100000001$bk$::uuid, $bk$retention_12mo$bk$, 300.00, $bk$2026-10-13$bk$, $bk$pending$bk$),
  ($bk$55555555-5555-5555-5555-006100000002$bk$::uuid, $bk$placement$bk$, 750.00, $bk$2025-10-13$bk$, $bk$paid$bk$),
  ($bk$55555555-5555-5555-5555-006100000002$bk$::uuid, $bk$retention_6mo$bk$, 225.00, $bk$2026-04-13$bk$, $bk$paid$bk$),
  ($bk$55555555-5555-5555-5555-006100000002$bk$::uuid, $bk$retention_12mo$bk$, 300.00, $bk$2026-10-13$bk$, $bk$pending$bk$),
  ($bk$55555555-5555-5555-5555-006100000003$bk$::uuid, $bk$placement$bk$, 750.00, $bk$2025-10-20$bk$, $bk$paid$bk$),
  ($bk$55555555-5555-5555-5555-006100000003$bk$::uuid, $bk$retention_6mo$bk$, 225.00, $bk$2026-04-20$bk$, $bk$paid$bk$),
  ($bk$55555555-5555-5555-5555-006100000003$bk$::uuid, $bk$retention_12mo$bk$, 300.00, $bk$2026-10-20$bk$, $bk$pending$bk$),
  ($bk$55555555-5555-5555-5555-006100000004$bk$::uuid, $bk$placement$bk$, 1500.00, $bk$2025-09-22$bk$, $bk$paid$bk$),
  ($bk$55555555-5555-5555-5555-006100000004$bk$::uuid, $bk$retention_6mo$bk$, 250.00, $bk$2026-03-22$bk$, $bk$paid$bk$),
  ($bk$55555555-5555-5555-5555-006100000004$bk$::uuid, $bk$retention_12mo$bk$, 325.00, $bk$2026-09-22$bk$, $bk$pending$bk$),
  ($bk$55555555-5555-5555-5555-006100000005$bk$::uuid, $bk$placement$bk$, 1500.00, $bk$2025-09-22$bk$, $bk$paid$bk$),
  ($bk$55555555-5555-5555-5555-006100000005$bk$::uuid, $bk$retention_6mo$bk$, 250.00, $bk$2026-03-22$bk$, $bk$paid$bk$),
  ($bk$55555555-5555-5555-5555-006100000005$bk$::uuid, $bk$retention_12mo$bk$, 325.00, $bk$2026-09-22$bk$, $bk$pending$bk$),
  ($bk$55555555-5555-5555-5555-007100000001$bk$::uuid, $bk$placement$bk$, 750.00, $bk$2025-10-20$bk$, $bk$paid$bk$),
  ($bk$55555555-5555-5555-5555-007100000001$bk$::uuid, $bk$retention_6mo$bk$, 225.00, $bk$2026-04-20$bk$, $bk$paid$bk$),
  ($bk$55555555-5555-5555-5555-007100000001$bk$::uuid, $bk$retention_12mo$bk$, 300.00, $bk$2026-10-20$bk$, $bk$pending$bk$),
  ($bk$55555555-5555-5555-5555-007100000002$bk$::uuid, $bk$placement$bk$, 750.00, $bk$2025-10-20$bk$, $bk$paid$bk$),
  ($bk$55555555-5555-5555-5555-007100000002$bk$::uuid, $bk$retention_6mo$bk$, 225.00, $bk$2026-04-20$bk$, $bk$paid$bk$),
  ($bk$55555555-5555-5555-5555-007100000002$bk$::uuid, $bk$retention_12mo$bk$, 300.00, $bk$2026-10-20$bk$, $bk$pending$bk$),
  ($bk$55555555-5555-5555-5555-007100000003$bk$::uuid, $bk$placement$bk$, 750.00, $bk$2025-10-27$bk$, $bk$paid$bk$),
  ($bk$55555555-5555-5555-5555-007100000003$bk$::uuid, $bk$retention_6mo$bk$, 225.00, $bk$2026-04-27$bk$, $bk$paid$bk$),
  ($bk$55555555-5555-5555-5555-007100000003$bk$::uuid, $bk$retention_12mo$bk$, 300.00, $bk$2026-10-27$bk$, $bk$pending$bk$),
  ($bk$55555555-5555-5555-5555-007100000004$bk$::uuid, $bk$placement$bk$, 2500.00, $bk$2026-01-12$bk$, $bk$paid$bk$),
  ($bk$55555555-5555-5555-5555-007100000004$bk$::uuid, $bk$retention_6mo$bk$, 300.00, $bk$2026-07-12$bk$, $bk$pending$bk$),
  ($bk$55555555-5555-5555-5555-007100000004$bk$::uuid, $bk$retention_12mo$bk$, 375.00, $bk$2027-01-12$bk$, $bk$pending$bk$),
  ($bk$55555555-5555-5555-5555-007100000005$bk$::uuid, $bk$placement$bk$, 750.00, $bk$2025-10-27$bk$, $bk$paid$bk$),
  ($bk$55555555-5555-5555-5555-007100000005$bk$::uuid, $bk$retention_6mo$bk$, 225.00, $bk$2026-04-27$bk$, $bk$paid$bk$),
  ($bk$55555555-5555-5555-5555-007100000005$bk$::uuid, $bk$retention_12mo$bk$, 300.00, $bk$2026-10-27$bk$, $bk$pending$bk$),
  ($bk$55555555-5555-5555-5555-008100000001$bk$::uuid, $bk$placement$bk$, 750.00, $bk$2025-12-08$bk$, $bk$paid$bk$),
  ($bk$55555555-5555-5555-5555-008100000001$bk$::uuid, $bk$retention_6mo$bk$, 225.00, $bk$2026-06-08$bk$, $bk$pending$bk$),
  ($bk$55555555-5555-5555-5555-008100000001$bk$::uuid, $bk$retention_12mo$bk$, 300.00, $bk$2026-12-08$bk$, $bk$pending$bk$),
  ($bk$55555555-5555-5555-5555-008100000002$bk$::uuid, $bk$placement$bk$, 750.00, $bk$2025-12-08$bk$, $bk$paid$bk$),
  ($bk$55555555-5555-5555-5555-008100000002$bk$::uuid, $bk$retention_6mo$bk$, 225.00, $bk$2026-06-08$bk$, $bk$pending$bk$),
  ($bk$55555555-5555-5555-5555-008100000002$bk$::uuid, $bk$retention_12mo$bk$, 300.00, $bk$2026-12-08$bk$, $bk$pending$bk$),
  ($bk$55555555-5555-5555-5555-008100000003$bk$::uuid, $bk$placement$bk$, 750.00, $bk$2025-12-15$bk$, $bk$paid$bk$),
  ($bk$55555555-5555-5555-5555-008100000003$bk$::uuid, $bk$retention_6mo$bk$, 225.00, $bk$2026-06-15$bk$, $bk$pending$bk$),
  ($bk$55555555-5555-5555-5555-008100000003$bk$::uuid, $bk$retention_12mo$bk$, 300.00, $bk$2026-12-15$bk$, $bk$pending$bk$)
on conflict do nothing;

update public.cohorts
   set project_id = $bk$44444444-4444-4444-4444-000000000001$bk$::uuid
 where id in (
   $bk$22222222-2222-2222-2222-000000000010$bk$::uuid,
   $bk$22222222-2222-2222-2222-000000000011$bk$::uuid,
   $bk$22222222-2222-2222-2222-000000000012$bk$::uuid,
   $bk$22222222-2222-2222-2222-000000000013$bk$::uuid,
   $bk$22222222-2222-2222-2222-000000000014$bk$::uuid,
   $bk$22222222-2222-2222-2222-000000000015$bk$::uuid,
   $bk$22222222-2222-2222-2222-000000000016$bk$::uuid,
   $bk$22222222-2222-2222-2222-000000000017$bk$::uuid,
   $bk$22222222-2222-2222-2222-000000000018$bk$::uuid
 ) and project_id is null;

select public.recompute_partner_tier(id) from public.partners;

insert into public.development_fund_balances (candidate_id)
select id from public.candidates on conflict (candidate_id) do nothing;
